INSERT INTO projects (id, title, category, funding_goal, start_date, end_date)
VALUES
(1, 'Haunted House Play', 'arts', 1700.00, '2019-03-12', '2019-04-12'),
(2, 'Bike Trip', 'outdoors', 300.00, '2019-04-15', '2019-05-15'),
(3, 'Mark Twain Day', 'arts', 800.00, '2019-03-12', '2019-04-12'),
(4, 'Food for Homeless', 'community', 2200.00, '2019-03-12', '2019-04-12'),
(5, 'bike path', 'community', 223000.00, '2019-04-12', '2019-07-12'),
(6, 'Lawn chess', 'arts', 300.00, '2019-01-12', '2019-03-12'),
(7, 'Game night', 'community', 400.00, '2019-01-02', '2019-03-01'),
(8, 'Sugarloaf festival', 'arts', 28000.00, '2019-03-12', '2019-07-12'),
(9, 'high school lit mag', 'arts', 1200.00, '2019-02-11', '2019-04-12'),
(10, 'graduation party', 'community', 2100.00, '2019-03-21', '2019-03-28');


INSERT INTO users (id, name, age)
VALUES
(1, 'Bart', 10),
(2, 'Lisa', 12),
(3, 'Homer', 38),
(4, 'Marge', 39),
(5, 'Leia', 20),
(6, 'Luke', 20),
(7, 'Han', 26),
(8, 'Yoda', 850),
(9, 'Jaba', 332),
(10, 'Rey', 24),
(11, 'Kylo', 26),
(12, 'Bubba', 82),
(13, 'Gump', 44),
(14, 'Ed', 83),
(15, 'Katy', 61),
(16, 'Janet', 59),
(17, 'Bob', 56),
(18, 'Eric', 52),
(19, 'Vince', 65),
(20, 'Dan', 3);


INSERT INTO pledges (id, amount, user_id, project_id) VALUES
(1, 15.00, 2, 1),
(2, 25.00, 5, 3),
(3, 140.00, 1, 9),
(4, 52.00, 3, 1),
(5, 10.00, 3, 6),
(6, 1.00, 8, 4),
(7, 40.00, 5, 1),
(8, 65.00, 12, 10),
(9, 365.00, 7, 9),
(10, 1000.00, 16, 8),
(11, 30.00, 8, 7),
(12, 33.00, 13, 6),
(13, 11.00, 9, 3),
(14, 50.00, 3, 4),
(15, 365.00, 12, 1),
(16, 20.00, 1, 1),
(17, 5.00, 13, 10),
(18, 20.00, 2, 3),
(19, 25.00, 15, 8),
(20, 35.00, 16, 4),
(21, 40.00, 4, 7),
(22, 65.00, 5, 9),
(23, 15.00, 19, 9),
(24, 70.00, 1, 2),
(25, 100.00, 1, 5),
(26, 25.00, 3, 1),
(27, 20.00, 7, 2),
(28, 99.00, 1, 6),
(29, 130.00, 16, 3),
(30, 1.00, 15, 4);
